1,tooClose
2,tooClose
3,tooClose
4,tooClose
5,tooClose
6,tooClose
7,tooClose
8,tooClose
9,tooClose
10,tooClose
11,tooClose
12,tooClose
13,tooClose
14,tooClose
15,tooClose
16,tooClose
17,tooClose
18,tooClose
19,tooClose
20,tooClose
21,tooClose
22,tooClose
23,tooClose
24,tooClose
25,tooClose
26,tooClose
27,tooClose
28,tooClose
29,tooClose
30,tooClose
31,tooClose
32,tooClose
33,tooClose
34,tooClose
35,tooClose
36,tooClose
37,tooClose
38,tooClose
39,tooClose
40,tooClose
41,tooClose
42,tooClose
43,tooClose
44,tooClose
45,tooClose
46,tooClose
47,tooClose
48,tooClose
49,tooClose
50,tooClose
51,tooClose
52,tooClose
53,tooClose
54,tooClose
55,tooClose
56,tooClose
57,tooClose
58,tooClose
59,tooClose
60,tooClose
61,tooClose
62,tooClose
63,tooClose
64,tooClose
65,tooClose
66,tooClose
67,tooClose
68,tooClose
69,tooClose
70,tooClose
71,tooClose
72,inRing
73,inRing
74,inRing
75,inRing
76,inRing
77,inRing
78,inRing
79,inRing
80,inRing
81,inRing
82,inRing
83,inRing
84,inRing
85,inRing
86,inRing
87,inRing
88,inRing
89,inRing
90,inRing
91,inRing
92,inRing
93,inRing
94,inRing
95,inRing
96,inRing
97,inRing
98,inRing
99,inRing
100,inRing
101,inRing
102,inRing
103,inRing
104,inRing
105,inRing
106,inRing
107,inRing
108,inRing
109,inRing
110,inRing
111,inRing
112,inRing
113,inRing
114,inRing
115,inRing
116,inRing
117,inRing
118,inRing
119,inRing
120,inRing
121,inRing
122,inRing
123,inRing
124,inRing
125,inRing
126,inRing
127,inRing
128,inRing
129,inRing
130,inRing
131,inRing
132,inRing
133,inRing
134,inRing
135,inRing
136,inRing
137,inRing
138,inRing
139,inRing
140,inRing
141,inRing
142,inRing
143,inRing
144,inRing
145,inRing
146,inRing
147,inRing
148,inRing
149,inRing
150,inRing
151,inRing
152,inRing
153,inRing
154,inRing
155,inRing
156,inRing
157,inRing
158,inRing
159,inRing
160,inRing
161,inRing
162,inRing
163,inRing
164,inRing
165,inRing
166,inRing
167,inRing
168,inRing
169,inRing
170,inRing
171,inRing
172,inRing
173,inRing
174,inRing
175,inRing
176,inRing
177,inRing
178,inRing
179,inRing
180,inRing
181,inRing
182,inRing
183,inRing
184,tooFar
185,tooFar
186,tooFar
187,tooFar
188,tooFar
189,tooFar
190,tooFar
191,tooFar
192,tooFar
193,tooFar
194,tooFar
195,tooFar
196,tooFar
197,tooFar
198,tooFar
199,tooFar
200,tooFar
201,tooFar
202,tooFar
203,tooFar
204,tooFar
205,tooFar
206,tooFar
207,tooFar
208,tooFar
209,tooFar
210,tooFar
211,tooFar
212,tooFar
213,tooFar
214,tooFar
215,tooFar
216,tooFar
217,tooFar
218,tooFar
219,tooFar
220,tooFar
221,tooFar
222,tooFar
223,tooFar
224,tooFar
225,tooFar
226,tooFar
227,tooFar
228,tooFar
229,tooFar
230,tooFar
231,tooFar
232,tooFar
233,tooFar
234,tooFar
235,tooFar
236,tooFar
237,tooFar
238,tooFar
239,tooFar
240,tooFar
241,tooFar
242,tooFar
243,tooFar
244,tooFar
245,tooFar
246,tooFar
247,tooFar
248,tooFar
249,tooFar
250,tooFar
251,tooFar
252,tooFar
253,tooFar
254,tooFar
255,tooFar
256,tooFar
257,tooFar
258,tooFar
259,tooFar
260,tooFar
261,tooFar
262,tooFar
263,tooFar
264,tooFar
265,tooFar
266,tooFar
267,tooFar
268,tooFar
269,tooFar
270,tooFar
271,tooFar
272,tooFar
273,tooFar
274,tooFar
275,tooFar
276,tooFar
277,tooFar
278,tooFar
279,tooFar
280,tooFar
281,tooFar
282,tooFar
283,tooFar
284,tooFar
285,tooFar
286,tooFar
287,tooFar
288,tooFar
289,tooFar
290,tooFar
291,tooFar
292,tooFar
293,tooFar
294,tooFar
295,tooFar
296,tooFar
297,tooFar
298,tooFar
299,tooFar
300,tooFar
301,tooFar
302,tooFar
303,tooFar
304,tooFar
305,tooFar
306,tooFar
307,tooFar
308,tooFar
309,tooFar
310,tooFar
311,tooFar
312,tooFar
313,tooFar
314,tooFar
315,tooFar
316,tooFar
317,tooFar
318,tooFar
319,tooFar
320,tooFar
321,tooFar
322,tooFar
323,tooFar
324,tooFar
325,tooFar
326,tooFar
327,tooFar
328,tooFar
329,tooFar
330,tooFar
331,tooFar
332,tooFar
333,tooFar
334,tooFar
335,tooFar
336,tooFar
337,tooFar
338,tooFar
339,tooFar
340,tooFar
341,tooFar
342,tooFar
343,tooFar
344,tooFar
345,tooFar
346,tooFar
347,tooFar
348,tooFar
349,tooFar
350,tooFar
351,tooFar
352,tooFar
353,tooFar
354,tooFar
355,tooFar
356,tooFar
357,tooFar
358,tooFar
359,tooFar
360,tooFar
361,tooFar
362,tooFar
363,tooFar
364,tooFar
365,tooFar
366,tooFar
367,tooFar
368,tooFar
369,tooFar
370,tooFar
371,tooFar
372,tooFar
373,tooFar
374,tooFar
375,tooFar
376,tooFar
377,tooFar
378,tooFar
379,tooFar
380,tooFar
381,tooFar
382,tooFar
383,tooFar
384,tooFar
385,tooFar
386,tooFar
387,tooFar
388,tooFar
389,tooFar
390,tooFar
391,tooFar
392,tooFar
393,tooFar
394,tooFar
395,tooFar
396,tooFar
397,tooFar
398,tooFar
399,tooFar
